,timeToFitModel,timeToProcessSamples,accuracyScore,timeToProcessSamplesAvg,accuracyScoreAvg
1,0.378602,0.009131483333333334,-0.9228978987395893,0.20621133333333333,-0.5808067437890975
2,0.226174,0.01244615,-0.9060902989334478,0.192624,-1.1928434797371539
3,0.196393,0.0122573,-0.434777641831648,0.14713666666666667,-0.17640784531788312
4,0.196176,0.01229065,-0.40262287492930693,5.183581666666667,-0.0627939593714481
5,0.193945,0.012168333333333333,-0.2598275214440807,0.14631133333333332,-0.2598275214440806
