,timeToFitModel,timeToProcessSamples,accuracyScore,timeToProcessSamplesAvg,accuracyScoreAvg
1,0.396161,19395.633333333335,-1.4207973683568882,221711.33333333334,-1.1804151068377213
2,0.542095,10258.783333333333,-0.9104335564239923,240308.66666666666,-1.0030659485932332
3,0.282895,10148.483333333334,-0.6856383507132768,187049.0,-0.4933799083441848
4,0.308615,10295.216666666667,-0.49034526932771183,190504.66666666666,-0.37688675271253685
5,0.274493,10369.083333333334,-0.455464698453258,184881.66666666666,-0.35126281597126846
