,timeToFitModel,timeToProcessSamples,accuracyScore,timeToProcessSamplesAvg,accuracyScoreAvg
1,0.378504,0.009666616666666667,-1.4207973683568882,0.20799733333333334,-1.1804151068377213
2,0.276555,0.009753283333333333,-0.9104335564239923,0.181485,-1.0030659485932332
3,0.352528,0.009856633333333333,-0.6856383507132768,0.18120233333333333,-0.4933799083441848
4,0.270823,0.010018166666666667,-0.49034526932771183,0.17993533333333334,-0.37688675271253685
5,0.270033,0.010144016666666667,-0.455464698453258,0.202564,-0.35126281597126846
