,timeToFitModel,timeToProcessSamples,accuracyScore,timeToProcessSamplesAvg,accuracyScoreAvg
1,0.400174,0.009623916666666666,-0.9228978987395893,0.21723866666666666,-0.5808067437890975
2,0.244147,0.01303675,-0.8407130285226464,0.47354633333333335,-0.9612141556693682
3,0.19214,0.012787683333333332,-0.471966225622108,2.201823,-0.3664482023075848
4,7.795224,0.012792516666666667,-0.41612616218487286,0.6657163333333334,-0.28189308988601963
5,0.196251,0.0128306,-0.2913466601060485,2.7504846666666665,-0.3608955473784614
