,timeToFitModel,timeToProcessSamples,accuracyScore,timeToProcessSamplesAvg,accuracyScoreAvg
1,0.387242,0.01007785,-1.4207973683568882,0.21720133333333333,-1.1804151068377213
2,0.275883,0.010196933333333333,-0.9330681896125712,0.19197833333333333,-0.9943030626631921
3,0.270429,0.010286766666666667,-0.7149566924402723,0.18968866666666667,-0.52598182965903
4,0.266573,0.010426583333333333,-0.5285462097674802,0.189237,-0.41416206668357863
5,0.26513,0.010460083333333333,-0.4832101352517528,0.190247,-0.37337349831073635
